Company Name,Role Hiring,Estimated Salary Budget,Potential Agency Retainer Value,Niche Category,Location,Live Job URL / Company Link,Tailored 1-Click Cold Email Pitch
"Credit Wellness, LLC","Inside Sales Contractor","OTE $25k - $35k","$2,000 – $5,000 / month","General Digital Growth","Worldwide","https://remotive.com/remote-jobs/sales/inside-sales-contractor-2086540","Hi Credit Wellness, LLC Team,

I noticed you're actively hiring a Inside Sales Contractor to grow your business. 

Hiring a full-time in-house specialist takes weeks of interviews and over $60k+ in payroll and benefits. 

Our agency specializes in General Digital Growth. We help businesses like yours full-service digital execution without the headaches of full-time hiring.—with zero onboarding lag, ready to start this Monday.

Would you be open to a quick 10-minute chat this Thursday to see how we can handle this for you at half the cost of a full-time hire?

Best regards,
[Your Name]
[Your Agency Name]"
"Unio Digital","Tier III Service Desk Engineer","$65,000 – $95,000 / year (Estimated)","$2,000 – $5,000 / month","General Digital Growth","Worldwide","https://remotive.com/remote-jobs/information-technology/tier-iii-service-desk-engineer-2091045","Hi Unio Digital Team,

I noticed you're actively hiring a Tier III Service Desk Engineer to grow your business. 

Hiring a full-time in-house specialist takes weeks of interviews and over $60k+ in payroll and benefits. 

Our agency specializes in General Digital Growth. We help businesses like yours full-service digital execution without the headaches of full-time hiring.—with zero onboarding lag, ready to start this Monday.

Would you be open to a quick 10-minute chat this Thursday to see how we can handle this for you at half the cost of a full-time hire?

Best regards,
[Your Name]
[Your Agency Name]"
"Creative Force ","Sales Jedi","$65,000 – $95,000 / year (Estimated)","$2,000 – $5,000 / month","General Digital Growth","Europe","https://remotive.com/remote-jobs/sales/sales-jedi-2091088","Hi Creative Force  Team,

I noticed you're actively hiring a Sales Jedi to grow your business. 

Hiring a full-time in-house specialist takes weeks of interviews and over $60k+ in payroll and benefits. 

Our agency specializes in General Digital Growth. We help businesses like yours full-service digital execution without the headaches of full-time hiring.—with zero onboarding lag, ready to start this Monday.

Would you be open to a quick 10-minute chat this Thursday to see how we can handle this for you at half the cost of a full-time hire?

Best regards,
[Your Name]
[Your Agency Name]"
"Creative Force","SaaS Product Support Jedi","$65,000 – $95,000 / year (Estimated)","$2,000 – $5,000 / month","General Digital Growth","Europe, EMEA, UK, Germany, France, European timezones","https://remotive.com/remote-jobs/customer-service/saas-product-support-jedi-2091087","Hi Creative Force Team,

I noticed you're actively hiring a SaaS Product Support Jedi to grow your business. 

Hiring a full-time in-house specialist takes weeks of interviews and over $60k+ in payroll and benefits. 

Our agency specializes in General Digital Growth. We help businesses like yours full-service digital execution without the headaches of full-time hiring.—with zero onboarding lag, ready to start this Monday.

Would you be open to a quick 10-minute chat this Thursday to see how we can handle this for you at half the cost of a full-time hire?

Best regards,
[Your Name]
[Your Agency Name]"
"IAPWE","Freelance Writer","$50-$75 /hour","$1,500 – $3,000 / month","Copywriting & Content","Worldwide","https://remotive.com/remote-jobs/writing/freelance-writer-1185979","Hi IAPWE Team,

I noticed you're actively hiring a Freelance Writer to grow your business. 

Hiring a full-time in-house specialist takes weeks of interviews and over $60k+ in payroll and benefits. 

Our agency specializes in Copywriting & Content. We help businesses like yours high-converting email sequences and sales letters written by seasoned specialists.—with zero onboarding lag, ready to start this Monday.

Would you be open to a quick 10-minute chat this Thursday to see how we can handle this for you at half the cost of a full-time hire?

Best regards,
[Your Name]
[Your Agency Name]"
"Coalition Technologies ","Freelance Copywriter","$20k -$35k","$1,500 – $3,000 / month","Copywriting & Content","Worldwide","https://remotive.com/remote-jobs/writing/freelance-copywriter-1749306","Hi Coalition Technologies  Team,

I noticed you're actively hiring a Freelance Copywriter to grow your business. 

Hiring a full-time in-house specialist takes weeks of interviews and over $60k+ in payroll and benefits. 

Our agency specializes in Copywriting & Content. We help businesses like yours high-converting email sequences and sales letters written by seasoned specialists.—with zero onboarding lag, ready to start this Monday.

Would you be open to a quick 10-minute chat this Thursday to see how we can handle this for you at half the cost of a full-time hire?

Best regards,
[Your Name]
[Your Agency Name]"
"Lemon.io","Senior React Full-stack Developer","$65,000 – $95,000 / year (Estimated)","$2,000 – $5,000 / month","General Digital Growth","LATAM, Europe, USA, Canada, APAC","https://remotive.com/remote-jobs/software-development/senior-react-full-stack-developer-2091101","Hi Lemon.io Team,

I noticed you're actively hiring a Senior React Full-stack Developer to grow your business. 

Hiring a full-time in-house specialist takes weeks of interviews and over $60k+ in payroll and benefits. 

Our agency specializes in General Digital Growth. We help businesses like yours full-service digital execution without the headaches of full-time hiring.—with zero onboarding lag, ready to start this Monday.

Would you be open to a quick 10-minute chat this Thursday to see how we can handle this for you at half the cost of a full-time hire?

Best regards,
[Your Name]
[Your Agency Name]"
"Lemon.io","Senior QA Engineer","$65,000 – $95,000 / year (Estimated)","$2,000 – $5,000 / month","General Digital Growth","Europe","https://remotive.com/remote-jobs/qa/senior-qa-engineer-2091100","Hi Lemon.io Team,

I noticed you're actively hiring a Senior QA Engineer to grow your business. 

Hiring a full-time in-house specialist takes weeks of interviews and over $60k+ in payroll and benefits. 

Our agency specializes in General Digital Growth. We help businesses like yours full-service digital execution without the headaches of full-time hiring.—with zero onboarding lag, ready to start this Monday.

Would you be open to a quick 10-minute chat this Thursday to see how we can handle this for you at half the cost of a full-time hire?

Best regards,
[Your Name]
[Your Agency Name]"
"Lemon.io","Senior DevOps Engineer","$65,000 – $95,000 / year (Estimated)","$2,000 – $5,000 / month","General Digital Growth","LATAM, Europe, USA, Canada, APAC","https://remotive.com/remote-jobs/devops/senior-devops-engineer-2091099","Hi Lemon.io Team,

I noticed you're actively hiring a Senior DevOps Engineer to grow your business. 

Hiring a full-time in-house specialist takes weeks of interviews and over $60k+ in payroll and benefits. 

Our agency specializes in General Digital Growth. We help businesses like yours full-service digital execution without the headaches of full-time hiring.—with zero onboarding lag, ready to start this Monday.

Would you be open to a quick 10-minute chat this Thursday to see how we can handle this for you at half the cost of a full-time hire?

Best regards,
[Your Name]
[Your Agency Name]"
"TELUS Digital","Content Reviewer - English US","$14/hour","$1,500 – $3,000 / month","Copywriting & Content","USA","https://remotive.com/remote-jobs/all-others/content-reviewer-english-us-2091105","Hi TELUS Digital Team,

I noticed you're actively hiring a Content Reviewer - English US to grow your business. 

Hiring a full-time in-house specialist takes weeks of interviews and over $60k+ in payroll and benefits. 

Our agency specializes in Copywriting & Content. We help businesses like yours high-converting email sequences and sales letters written by seasoned specialists.—with zero onboarding lag, ready to start this Monday.

Would you be open to a quick 10-minute chat this Thursday to see how we can handle this for you at half the cost of a full-time hire?

Best regards,
[Your Name]
[Your Agency Name]"
"Lemon.io","Senior Golang Developer","$65,000 – $95,000 / year (Estimated)","$2,000 – $5,000 / month","General Digital Growth","Europe, USA, UK, Canada, Australia, Singapore","https://remotive.com/remote-jobs/software-development/senior-golang-developer-2091098","Hi Lemon.io Team,

I noticed you're actively hiring a Senior Golang Developer to grow your business. 

Hiring a full-time in-house specialist takes weeks of interviews and over $60k+ in payroll and benefits. 

Our agency specializes in General Digital Growth. We help businesses like yours full-service digital execution without the headaches of full-time hiring.—with zero onboarding lag, ready to start this Monday.

Would you be open to a quick 10-minute chat this Thursday to see how we can handle this for you at half the cost of a full-time hire?

Best regards,
[Your Name]
[Your Agency Name]"
"Lemon.io","Senior Data Engineer","$65,000 – $95,000 / year (Estimated)","$2,000 – $5,000 / month","General Digital Growth","LATAM, Europe, USA, Canada, APAC","https://remotive.com/remote-jobs/software-development/senior-data-engineer-2091097","Hi Lemon.io Team,

I noticed you're actively hiring a Senior Data Engineer to grow your business. 

Hiring a full-time in-house specialist takes weeks of interviews and over $60k+ in payroll and benefits. 

Our agency specializes in General Digital Growth. We help businesses like yours full-service digital execution without the headaches of full-time hiring.—with zero onboarding lag, ready to start this Monday.

Would you be open to a quick 10-minute chat this Thursday to see how we can handle this for you at half the cost of a full-time hire?

Best regards,
[Your Name]
[Your Agency Name]"
"A.Team","Senior Independent AI Engineer / Architect","$120 - $170 /hour","$2,000 – $5,000 / month","General Digital Growth","Americas, Europe, Israel","https://remotive.com/remote-jobs/software-development/senior-independent-ai-engineer-architect-1919266","Hi A.Team Team,

I noticed you're actively hiring a Senior Independent AI Engineer / Architect to grow your business. 

Hiring a full-time in-house specialist takes weeks of interviews and over $60k+ in payroll and benefits. 

Our agency specializes in General Digital Growth. We help businesses like yours full-service digital execution without the headaches of full-time hiring.—with zero onboarding lag, ready to start this Monday.

Would you be open to a quick 10-minute chat this Thursday to see how we can handle this for you at half the cost of a full-time hire?

Best regards,
[Your Name]
[Your Agency Name]"
"A.Team","Senior Independent Software Developer","$90 - $150 /hour","$2,000 – $5,000 / month","General Digital Growth","Americas, Europe, Israel","https://remotive.com/remote-jobs/software-development/senior-independent-software-developer-1919265","Hi A.Team Team,

I noticed you're actively hiring a Senior Independent Software Developer to grow your business. 

Hiring a full-time in-house specialist takes weeks of interviews and over $60k+ in payroll and benefits. 

Our agency specializes in General Digital Growth. We help businesses like yours full-service digital execution without the headaches of full-time hiring.—with zero onboarding lag, ready to start this Monday.

Would you be open to a quick 10-minute chat this Thursday to see how we can handle this for you at half the cost of a full-time hire?

Best regards,
[Your Name]
[Your Agency Name]"
"garden3d","Head of Marketing & Communications","$150k - $230k","$3,000 – $6,000 / month","Paid Advertising (PPC)","Worldwide","https://remotive.com/remote-jobs/marketing/head-of-marketing-communications-2091068","Hi garden3d Team,

I noticed you're actively hiring a Head of Marketing & Communications to grow your business. 

Hiring a full-time in-house specialist takes weeks of interviews and over $60k+ in payroll and benefits. 

Our agency specializes in Paid Advertising (PPC). We help businesses like yours lower your customer acquisition costs with audited ad campaigns.—with zero onboarding lag, ready to start this Monday.

Would you be open to a quick 10-minute chat this Thursday to see how we can handle this for you at half the cost of a full-time hire?

Best regards,
[Your Name]
[Your Agency Name]"